eval_loss,eval_model_preparation_time,eval_accuracy,eval_runtime,eval_samples_per_second,eval_steps_per_second,model_memorry_footprint,num_parameters,model,short_name
0.18891669809818268,0.0029,0.9326666666666666,1317.2727,5.694,0.712,95504384,23874048,google-bert/bert-base-uncased,bert-base
0.13857437670230865,0.0029,0.9526666666666667,1134.217,6.612,0.827,156157984,39037440,FacebookAI/roberta-base,facebook-roberta
0.18839192390441895,0.0013,0.9274666666666667,571.1504,13.131,1.642,95420416,23854080,distilbert-base-uncased,distilbert
